categorie;game_id;cote;rseq_game_id;ligue;nom_servi;equipe_reliee;team_id;rseq_colonne;rseq_equipe_reliee;rseq_servi
"a_realigner";"048207c1-70e1-43b8-a19d-805b48f3ee34";"home";"199b5c8a-0f47-4829-8ee2-ae39663c64ca";"Flag football J F D4 Niveau 2 Automne";"Des Patriotes";"Des Patriotes";"9274efd7-3130-491b-8f37-680544650fc8";"5ef3b2ee-c335-4365-a804-efb00568c031";"5a500f5f-8d18-4880-aeab-05392b0699b8";"5a500f5f-8d18-4880-aeab-05392b0699b8"
"a_realigner";"0fb0eb2b-2582-4ce2-80a3-df3a1ccc4e3d";"visitor";"1011a560-ae9c-4282-b905-aa794d54d2a1";"Football J U D3 9 joueurs";"LCC";"LCC";"ef74d8cb-7361-4fe6-8036-08a964bbb9cc";"662f98a0-1737-41fe-a01a-71bf4b66c4ea";"6a197f5d-163b-4c05-928b-aa9d9af26142";"6a197f5d-163b-4c05-928b-aa9d9af26142"
"a_realigner";"10a47a62-47d3-4d9e-9155-0fb9896997db";"visitor";"fb39c299-dd80-4349-a358-ac4ba3c60aac";"Soccer J M D4 Niveau 2";"Louis-Jobin";"Louis-Jobin";"df631f47-7d86-4814-8a93-8394b341a8f3";"00000000-0000-0000-0000-000000000000";"90da7b99-cc36-4cc9-88f1-579731f84a65";"90da7b99-cc36-4cc9-88f1-579731f84a65"
"a_realigner";"6b954e1d-50fe-457f-b13c-e75410ef58da";"home";"87dbfbe2-51f6-4915-94c9-4e2619fd0721";"Football J U D3 9 joueurs";"LCC";"LCC";"ef74d8cb-7361-4fe6-8036-08a964bbb9cc";"662f98a0-1737-41fe-a01a-71bf4b66c4ea";"6a197f5d-163b-4c05-928b-aa9d9af26142";"6a197f5d-163b-4c05-928b-aa9d9af26142"
"a_realigner";"6bcdf665-b3ed-4b5a-bf88-e17b0055645f";"home";"776b8080-ca14-4680-8195-201d12d417f3";"Soccer J F D3";"Acad. Saint-Louis";"Acad. Saint-Louis";"b1b00ba1-ba59-47ca-977d-94da486df8d8";"00000000-0000-0000-0000-000000000000";"a8e4e0cd-1e79-4e60-9321-f0024ad740c0";"a8e4e0cd-1e79-4e60-9321-f0024ad740c0"
"a_realigner";"6bcdf665-b3ed-4b5a-bf88-e17b0055645f";"visitor";"776b8080-ca14-4680-8195-201d12d417f3";"Soccer J F D3";"Sém. St-François";"Sém. St-François";"0c361f10-7462-4d3a-a945-160f4c023997";"00000000-0000-0000-0000-000000000000";"b91eb083-dd03-4a92-a57d-a094ec0bd85e";"b91eb083-dd03-4a92-a57d-a094ec0bd85e"
"a_realigner";"85ffe914-04bb-4b4e-ae35-ee436d6502cc";"home";"7957abb5-5165-488a-a164-b1d217c42fbd";"Soccer B F D3";"Acad. Saint-Louis";"Acad. Saint-Louis";"37db89e7-cf71-49e8-b4f9-de5dddfcbe1d";"00000000-0000-0000-0000-000000000000";"f693cc3e-ea74-49a2-b727-4a4e563e5a32";"f693cc3e-ea74-49a2-b727-4a4e563e5a32"
"a_realigner";"8716041d-53b3-4654-bae5-c4d97041c2c0";"visitor";"4e37cdd8-d2a1-4a15-99c2-98705ef3f08c";"Football J U D3 9 joueurs";"Massey-Vanier";"Massey-Vanier";"aa142930-25e6-4ba9-ba16-39974a9730d6";"6a197f5d-163b-4c05-928b-aa9d9af26142";"2ee616e4-fe89-4132-898c-fc81845a5529";"2ee616e4-fe89-4132-898c-fc81845a5529"
"a_realigner";"9170e74e-56a2-4ee3-9a6e-cf0992953278";"home";"2726b3cc-3c7b-40c3-abc7-1f8243d0f6c8";"Soccer B M D3";"Aubier";"Aubier";"ad300fce-10db-4fa5-a2ef-d8f809168433";"00000000-0000-0000-0000-000000000000";"1cb04277-7aad-46b1-99aa-4629297795d2";"1cb04277-7aad-46b1-99aa-4629297795d2"
"a_realigner";"9170e74e-56a2-4ee3-9a6e-cf0992953278";"visitor";"2726b3cc-3c7b-40c3-abc7-1f8243d0f6c8";"Soccer B M D3";"Samuel-Champlain";"Samuel-Champlain";"1f320599-51b0-4d25-ad96-2244ec46f8c0";"00000000-0000-0000-0000-000000000000";"aa0a5b89-d9aa-4be4-8906-863dad14ef19";"aa0a5b89-d9aa-4be4-8906-863dad14ef19"
"a_realigner";"b80e5857-9ed1-4165-abb3-784211d7e03c";"visitor";"18e1f56d-d98c-447f-b039-23eef5647c82";"Football J U D3 9 joueurs";"LCC";"LCC";"ef74d8cb-7361-4fe6-8036-08a964bbb9cc";"662f98a0-1737-41fe-a01a-71bf4b66c4ea";"6a197f5d-163b-4c05-928b-aa9d9af26142";"6a197f5d-163b-4c05-928b-aa9d9af26142"
"a_realigner";"bb2127ee-10bc-4a3d-95be-9958b2b44b11";"home";"8514d450-f8a8-44af-84f0-cb31cf4bd659";"Soccer C M D3";"Coll. des Compagnons";"Coll. des Compagnons";"3dc8c9ac-1de6-4418-8a4d-662471c42efe";"00000000-0000-0000-0000-000000000000";"e898d8d7-6d74-4ba0-89cf-c714822388ab";"e898d8d7-6d74-4ba0-89cf-c714822388ab"
"a_realigner";"bb2127ee-10bc-4a3d-95be-9958b2b44b11";"visitor";"8514d450-f8a8-44af-84f0-cb31cf4bd659";"Soccer C M D3";"Acad. Saint-Louis";"Acad. Saint-Louis";"688697a0-f47a-466d-9dac-68260b0ba3bb";"00000000-0000-0000-0000-000000000000";"9be97f39-aba3-4ee6-bdf4-220ec07e3913";"9be97f39-aba3-4ee6-bdf4-220ec07e3913"
"a_realigner";"cc253e0c-0ee6-4a71-bd92-3d240f669788";"home";"d5914074-711f-441f-9e43-ce9ead4b0de6";"Soccer C M D4";"Acad. Saint-Louis";"Acad. Saint-Louis";"a6ac4e8f-2af8-44ff-b0c5-69a2bbd611c7";"00000000-0000-0000-0000-000000000000";"ddac2475-988c-4617-b729-9f86249bff1a";"ddac2475-988c-4617-b729-9f86249bff1a"
"a_realigner";"d14ff3be-ece1-41c5-8437-7d4b0df78a03";"visitor";"3e16f544-d2dc-4b61-984b-7614abe4d591";"Soccer B F D3";"Sém. St-François";"Sém. St-François";"db4f75a3-208d-489f-873e-72f539d4a33e";"00000000-0000-0000-0000-000000000000";"6e971a78-5e2b-498c-8373-193aa66a39be";"6e971a78-5e2b-498c-8373-193aa66a39be"
"a_realigner";"da944828-3480-4fae-8dae-bc663d61fe60";"visitor";"8987120b-16f9-4466-9b65-978cb1ed3903";"Football J U D3 9 joueurs";"Collège Durocher";"Collège Durocher";"459f5d82-0977-4472-8458-f5791e99af40";"662f98a0-1737-41fe-a01a-71bf4b66c4ea";"d97aec12-e039-4a77-bb60-6b95c57d1e47";"d97aec12-e039-4a77-bb60-6b95c57d1e47"
"a_realigner";"ebffc0ed-dc75-491a-be15-b9ad79a8bbfd";"visitor";"990c764b-63e1-4745-9086-b45f559d0938";"Soccer J M D3";"Acad. Saint-Louis";"Acad. Saint-Louis";"3490fa45-d2be-4f4f-aeaf-60c795ee9cdd";"00000000-0000-0000-0000-000000000000";"9642311d-1337-4558-9cd4-2bb457cfadc2";"9642311d-1337-4558-9cd4-2bb457cfadc2"
"a_realigner";"fae4a3a6-075e-49fe-a87b-e7cd9c92d60b";"home";"ef2de425-07a2-4fbf-b38c-897a4c623965";"Soccer B M D4 Niveau 1";"Poly. Black-Lake";"Poly. Black-Lake";"69ecbba0-33d5-4e94-a564-150a9767f528";"00000000-0000-0000-0000-000000000000";"0dd006a2-b3aa-43b0-aef6-a9fb0d81ec02";"0dd006a2-b3aa-43b0-aef6-a9fb0d81ec02"
