DT_MAJ_GDUNO,CD_ORGNS,NOM_COURT,NOM_OFFCL,ADRS_GEO_L1_GDUNO,ADRS_GEO_L2_GDUNO,CD_MUNCP,NOM_MUNCP,STAT_MUNCP,CD_POSTL_GDUNO,TYPE_ORGNS,RESEAU,SITE_WEB,COORD_X_LL84,COORD_Y_LL84,NO_TEL
,001500,Académie Antoine Manseau,Académie Antoine Manseau,"20, rue St-Charles Borromée S. C.P. 410",,61025,Joliette,V,J6E3Z9,Établissement d'enseignement privé,Privé,https://www.amanseau.qc.ca,-73.435402,46.02699,450 753-4271
,003500,L'Académie Beth Rivkah pour filles,L'Académie Beth Rivkah pour filles,"5001, rue Vézina ",,66023,Montréal,V,H3W1C2,Établissement d'enseignement privé,Privé,,-73.645687,45.494799,514 731-3681
,004500,Académie Chrétienne Rive Nord,Académie Chrétienne Rive Nord,"790, 18e Avenue",,65005,Laval,V,H7R4P3,Établissement d'enseignement privé,Privé,,-73.851856,45.558793,450 627-7070
,006500,Académie Francois-Labelle,Académie François-Labelle,"1227, rue Notre-Dame",,60013,Repentigny,V,J5Y3H2,Établissement d'enseignement privé,Privé,https://www.academiefrancoislabelle.qc.ca,-73.407863,45.778173,450 582-2020
,007500,Académie Ibn Sina,Académie Ibn Sina,"6500, 39e Avenue",,66023,Montréal,V,H1T2W8,Établissement d'enseignement privé,Privé,https://www.ibnsina.ca,-73.571898,45.572364,514 787-0065
,009500,Académie Kells,Académie Kells,"6865, boulevard De Maisonneuve Ouest",,66023,Montréal,V,H4B1T1,Établissement d'enseignement privé,Privé,https://www.kells.ca,-73.631288,45.45948,514 485-8565
,015500,Académie Kuper,Académie Kuper,"2, rue Aesop ",,66102,Kirkland,V,H9H5G5,Établissement d'enseignement privé,Privé,https://www.kuperacademy.ca,-73.838803,45.453178,514 426-3007
,016500,Académie Lafontaine,Académie Lafontaine inc.,"2171, boulevard Maurice",,75017,Saint-Jérôme,V,J7Y4M7,Établissement d'enseignement privé,Privé,https://www.academielafontaine.qc.ca,-74.007077,45.803262,450 431-3733
,017500,Collège Laurentien,Collège Laurentien,"1200, 14e Avenue",,78005,Val-Morin,M,J0T2R0,Établissement d'enseignement privé,Privé,https://www.collegelaurentien.ca,-74.196636,46.014746,819 322-2913
,019500,Académie Louis-Pasteur,Académie Louis-Pasteur,"7220, rue Marie-Victorin",,66023,Montréal,V,H1G2J5,Établissement d'enseignement privé,Privé,https://www.academielouispasteur.com,-73.602362,45.61726,514 322-6123
,024500,Académie Marie-Claire,Académie Marie-Claire,"18190, boulevard Elkas",,66102,Kirkland,V,H9J3Y4,Établissement d'enseignement privé,Privé,https://www.amcedu.ca,-73.883374,45.443047,514 697-9995
,025500,Académie Marie-Laurier,Académie Marie-Laurier,"1555, avenue Stravinski",,58007,Brossard,V,J4X2H5,Établissement d'enseignement privé,Privé,https://www.marielaurier.com,-73.492023,45.443681,450 923-2787
,026500,Académie Michèle-Provost,Académie Michèle-Provost,"1517, avenue Des Pins Ouest",,66023,Montréal,V,H3G1B3,Établissement d'enseignement privé,Privé,https://www.academiemicheleprovost.qc.ca,-73.586753,45.498468,514 934-0596
,027500,Académie Saint-Louis,Académie Saint-Louis,"1500, rue de la Rive-Boisée Sud",,23027,Québec,V,G2C2B3,Établissement d'enseignement privé,Privé,https://www.aslouis.qc.ca,-71.315332,46.829964,418 845-5121
,029500,Académie Ste-Thérèse,Académie Ste-Thérèse,"425, rue Blainville Est ",,73010,Sainte-Thérèse,V,J7E1N7,Établissement d'enseignement privé,Privé,https://www.academie.ste-therese.com,-73.816268,45.6402,450 434-1130
,030500,Académie Solomon Schechter,Académie Solomon Schechter,"5555, chemin de la Côte-Saint-Luc",,66023,Montréal,V,H3X2C9,Établissement d'enseignement privé,Privé,,-73.628583,45.478974,514 485-0866
,032500,Aviron Québec Collège Technique,Aviron Québec Collège Technique,"1275, rue De La Jonquière",,23027,Québec,V,G1N3X2,Établissement d'enseignement privé,Privé,https://www.avironquebec.com,-71.263717,46.80502,418 266-0804
,033500,Bishop's college school,Bishop's college school,"80, chemin Moulton Hill ",,43027,Sherbrooke,V,J1M1Z8,Établissement d'enseignement privé,Privé,https://www.bishopscollegeschool.com,-71.843327,45.372191,819 566-0227
,034500,Centre académique de Lanaudière,Centre académique de Lanaudière,"930, boulevard l'Assomption",,60013,Repentigny,V,J6A5H5,Établissement d'enseignement privé,Privé,https://www.lecadl.com,-73.448635,45.77014,450 654-5026
,035500,Centre académique Fournier inc.,Centre académique Fournier inc.,"5919, boulevard Henri-Bourassa Ouest",,66023,Montréal,V,H4R1B7,Établissement d'enseignement privé,Privé,https://www.academiefournier.qc.ca,-73.718233,45.516415,514 321-2642
,037500,Centre d'intégration scolaire inc.,Centre d'intégration scolaire inc.,"8844, rue Notre-Dame Est",,66023,Montréal,V,H1L3M4,Établissement d'enseignement privé,Privé,https://www.centereitegrationscolaire.ca,-73.511583,45.600686,514 374-8490
,041500,École trilingue Vision Varennes,École trilingue Vision Varennes,"104, boulevard de la Marine",,59020,Varennes,V,J3X1Z5,Établissement d'enseignement privé,Privé,https://varennes.ecolevision.com/,-73.43238,45.6637,450 652-6869
,044500,Centre François-Michelle,Centre François-Michelle,"9275, rue Clark",,66023,Montréal,V,H2N1S1,Établissement d'enseignement privé,Privé,https://www.francois-michelle.qc.ca,-73.650734,45.543547,514 381-4418
,046500,École Montessori de Chelsea,École Montessori de Chelsea,"490, route 105, bureau 105",,82025,Chelsea,M,J9B1L2,Établissement d'enseignement privé,Privé,https://www.montessorichelsea.ca,-75.782423,45.505866,819 827-2784
,048500,École Montessori de Montréal,École Montessori de Montréal,"1505, rue Serre",,66023,Montréal,V,H8N1N3,Établissement d'enseignement privé,Privé,https://ecolemontessorimontreal.com,-73.623971,45.432249,514 363-6603
,053500,École St-François,École St-François,"1000, rue du Joli-Bois",,23027,Québec,V,G1V3Z6,Établissement d'enseignement privé,Privé,https://www.cppq.qc.ca,-71.289556,46.774932,418 650-1171
,056500,Collège Beaubois,Collège Beaubois,"4901, rue du Collège-Beaubois",,66023,Montréal,V,H8Y3T4,Établissement d'enseignement privé,Privé,https://www.collegebeaubois.qc.ca,-73.779589,45.507751,514 684-7642
,057500,Collège Bourget,Collège Bourget,"65, rue Saint-Pierre",,71133,Rigaud,V,J0P1P0,Établissement d'enseignement privé,Privé,https://www.collegebourget.qc.ca,-74.30891,45.472717,450 451-0815
,058500,Collège Champagneur,Collège Champagneur,"3713, rue Queen",,62037,Rawdon,M,J0K1S0,Établissement d'enseignement privé,Privé,https://www.champagneur.qc.ca,-73.710726,46.043784,450 834-5401
,059500,Collège Charlemagne,Collège Charlemagne inc.,"5000, rue Pilon ",,66023,Montréal,V,H9K1G4,Établissement d'enseignement privé,Privé,https://www.collegecharlemagne.ca,-73.918275,45.459005,514 626-7060
,065500,Collège Charles-Lemoyne,Collège Charles-Lemoyne,"901, chemin Tiffin",,58227,Longueuil,V,J4P3G6,Établissement d'enseignement privé,Privé,https://monccl.com,-73.509842,45.514373,514 875-0505
,066500,Collège Clarétain de Victoriaville,Collège Clarétain de Victoriaville,"663, rue Gamache",,39062,Victoriaville,V,G6R0W3,Établissement d'enseignement privé,Privé,https://www.collegeclaretain.com,-71.96921,46.041853,819 752-4571
,069500,Collège de Champigny,Collège de Champigny,"1400, route de l'Aéroport",,23027,Québec,V,G2G1G6,Établissement d'enseignement privé,Privé,https://www.collegedechampigny.com,-71.361844,46.790874,418 872-0508
,074500,Coll. de L'Assomption,Collège de L'Assomption,"270, boulevard de l'Ange-Gardien",,60028,L'Assomption,V,J5W1R7,Établissement d'enseignement privé,Privé,https://www.classomption.qc.ca,-73.420768,45.827662,450 589-5621
,075500,Collège de l'Ouest de l'Île,Collège de l'Ouest de l'Île,"851, rue Tecumseh",,66142,Dollard-des-Ormeaux,V,H9B2L2,Établissement d'enseignement privé,Privé,https://www.wicmtl.ca,-73.814827,45.478745,514 683-4660
,076500,Collège de Lévis,Collège de Lévis,"9, rue Monseigneur-Gosselin",,25213,Lévis,V,G6V5K1,Établissement d'enseignement privé,Privé,https://www.collegedelevis.qc.ca,-71.181767,46.812416,418 833-1249
,077500,Coll. de Montréal,Collège de Montréal,"1931, rue Sherbrooke Ouest ",,66023,Montréal,V,H3H1E3,Établissement d'enseignement privé,Privé,https://www.college-montreal.qc.ca,-73.584509,45.495176,514 933-7397
,079500,Collège de Sainte-Anne-de-La-Pocatière,Collège de Sainte-Anne-de-La-Pocatière,"100, 4e Avenue ",,14082,La Pocatière,V,G0R1Z0,Établissement d'enseignement privé,Privé,https://www.leadercsa.com,-70.040929,47.366844,418 856-3012
,084500,Collège Supérieur de Montréal,Collège Supérieur de Montréal,"205, avenue Viger Ouest",,66023,Montréal,V,H2Z1G2,Établissement d'enseignement privé,Privé,https://www.collegecsm.com,-73.561382,45.505161,514 932-1122
,085500,Collège Jésus-Marie de Bellechasse,Collège Jésus-Marie de Bellechasse,"1, rue Saint-Georges",,19110,Saint-Michel-de-Bellechasse,M,G0R3S0,Établissement d'enseignement privé,Privé,https://www.cjmb.ca,-70.906426,46.876847,418 884-2360
,086500,Collège du Mont-Sainte-Anne,Collège du Mont-Sainte-Anne,"2100, chemin Sainte-Catherine ",,43027,Sherbrooke,V,J1N3V5,Établissement d'enseignement privé,Privé,https://www.collegemsa.com,-71.930901,45.371232,819 823-3003
,088500,Collège Durocher Saint-Lambert,Collège Durocher Saint-Lambert,"857, rue Riverside ",,58012,Saint-Lambert,V,J4P1C2,Établissement d'enseignement privé,Privé,https://www.cdsl.qc.ca,-73.517663,45.515686,450 671-5585
,089500,Collège Esther-Blondin,Collège Esther-Blondin,"101, rue Sainte-Anne ",,63013,Saint-Jacques,M,J0K2R0,Établissement d'enseignement privé,Privé,https://www.collegeblondin.qc.ca,-73.563523,45.957286,450 839-3672
,096500,Collège Français,Collège Français,"185, avenue Fairmount Ouest",,66023,Montréal,V,H2T2M6,Établissement d'enseignement privé,Privé,https://www.collegefrancais.ca,-73.596811,45.521624,514 495-2581
,097500,Collège Français,Collège Français,"1391, rue Beauregard ",,58227,Longueuil,V,J4K2M3,Établissement d'enseignement privé,Privé,https://www.collegefrancais.ca,-73.488174,45.509316,450 670-7391
,098500,Coll. François-Delaplace,Collège François-Delaplace,"365, rue Compton Est",,44080,Waterville,V,J0B3H0,Établissement d'enseignement privé,Privé,https://www.college-francois-delaplace.qc.ca/,-71.886865,45.277407,819 837-2882
,099500,Collège Héritage de Châteauguay,Collège Héritage de Châteauguay inc.,"270, boulevard d'Youville",,67050,Châteauguay,V,J6J4R6,Établissement d'enseignement privé,Privé,https://www.collegeheritage.ca,-73.7533,45.373985,450 692-5578
,106500,Collège Jean-de-Brébeuf,Collège Jean-De-Brébeuf,"3200, ch. Côte Ste-Catherine ",,66023,Montréal,V,H3T1C1,Établissement d'enseignement privé,Privé,https://www.brebeuf.qc.ca,-73.622805,45.501611,514 342-9342
,107500,Collège Jean de la Mennais,Collège Jean de la Mennais,"870, chemin de Saint-Jean",,67015,La Prairie,V,J5R2L5,Établissement d'enseignement privé,Privé,https://www.jdlm.qc.ca,-73.48519,45.411143,450 659-7657
,114500,Coll. Jean-Eudes,Collège Jean-Eudes,"3535, boul. Rosemont ",,66023,Montréal,V,H1X1K7,Établissement d'enseignement privé,Privé,https://www.cje.qc.ca,-73.579182,45.555406,514 376-5740
,115500,Collège Jésus-Marie de Sillery,Collège Jésus-Marie de Sillery,"2047, chemin Saint-Louis ",,23027,Québec,V,G1T1P3,Établissement d'enseignement privé,Privé,https://www.cjmds.qc.ca/,-71.25006,46.776421,418 687-9250
,116500,Collège Laval,Collège Laval,"1275, avenue du Collège",,65005,Laval,V,H7C1W8,Établissement d'enseignement privé,Privé,https://www.collegelaval.ca,-73.649034,45.615166,450 661-7714
,117500,Coll. intern. Marie de France,Collège international Marie de France,"4635, chemin Queen Mary ",,66023,Montréal,V,H3W1W3,Établissement d'enseignement privé,Privé,https://www.cimf.ca,-73.625122,45.490252,514 737-1177
,118500,Collège Marie-de-l'Incarnation,Collège Marie-de-l'Incarnation,"725, rue Hart",,37067,Trois-Rivières,V,G9A4R9,Établissement d'enseignement privé,Privé,https://www.cmitr.qc.ca,-72.536931,46.345572,819 379-3223
,119500,Mont Notre-Dame,Mont Notre-Dame,"114, rue de la Cathédrale ",,43027,Sherbrooke,V,J1H4M1,Établissement d'enseignement privé,Privé,https://www.lemont.ca,-71.891976,45.401568,819 563-4104
,123500,Collège Mont-Sacré-Coeur,Collège Mont-Sacré-Coeur,"210, rue Denison Est",,47017,Granby,V,J2H2R6,Établissement d'enseignement privé,Privé,https://www.college-msc.qc.ca/,-72.705486,45.390826,450 372-6882
,124500,Coll. Mont-Royal,Collège Mont-Royal,"2165, rue Baldwin ",,66023,Montréal,V,H1L5A7,Établissement d'enseignement privé,Privé,https://www.collegemont-royal.qc.ca,-73.515967,45.599066,514 351-7851
,125500,Collège Mont-Saint-Louis,Collège Mont-Saint-Louis,"1700, boulevard Henri-Bourassa Est",,66023,Montréal,V,H2C1J3,Établissement d'enseignement privé,Privé,https://www.msl.qc.ca,-73.658658,45.568714,514 382-1560
,126500,Collège Notre-Dame,Collège Notre-Dame,"3791, chemin Queen-Mary ",,66023,Montréal,V,H3V1A8,Établissement d'enseignement privé,Privé,https://www.collegenotredame.com,-73.622487,45.493279,514 739-3371
,127500,Collège Notre-Dame-de-l'Assomption,Collège Notre-Dame-de-l'Assomption,"225, rue Saint-Jean-Baptiste",,50072,Nicolet,V,J3T0A2,Établissement d'enseignement privé,Privé,https://www.cnda.qc.ca,-72.621719,46.228627,819 293-4500
,128500,Collège Notre-Dame-de-Lourdes,Collège Notre-Dame-de-Lourdes,"845, chemin Tiffin ",,58227,Longueuil,V,J4P3G5,Établissement d'enseignement privé,Privé,https://www.ndl.qc.ca,-73.512326,45.51521,450 670-4740
,136500,Collège Prep International,Collège Prep International,"7475, rue Sherbrooke Ouest ",,66023,Montréal,V,H4B1S3,Établissement d'enseignement privé,Privé,https://www.prepinternational.com,-73.64254,45.454283,514 489-7287
,138500,Collège Citoyen,Collège Citoyen,"4001, boulevard Sainte-Rose",,65005,Laval,V,H7R1W6,Établissement d'enseignement privé,Privé,https://www.collegecitoyen.ca,-73.831187,45.572044,450 254-2447
,139500,Collège Regina Assumpta,Collège Regina Assumpta,"1750, rue Sauriol Est ",,66023,Montréal,V,H2C1X4,Établissement d'enseignement privé,Privé,https://www.reginaassumpta.qc.ca,-73.650152,45.565297,514 382-4121
,144500,Collège Rivier,Collège Rivier,"343, rue Saint-Jacques Nord ",,44037,Coaticook,V,J1A2R2,Établissement d'enseignement privé,Privé,https://www.collegerivier.com,-71.796105,45.137964,819 849-4833
,145500,Collège Saint-Alexandre,Collège Saint-Alexandre de la Gatineau,"2425, rue Saint-Louis",,81017,Gatineau,V,J8V1E7,Établissement d'enseignement privé,Privé,https://st-alex.ca,-75.750599,45.493558,819 561-3812
,147500,Collège Saint-Bernard,Collège Saint-Bernard,"25, avenue des Frères",,49058,Drummondville,V,J2B6A2,Établissement d'enseignement privé,Privé,https://www.csb.qc.ca,-72.475889,45.88204,819 478-3330
,148500,Coll. Saint-Charles-Garnier,Collège Saint-Charles-Garnier,"1150, boul René Lévesque Ouest ",,23027,Québec,V,G1S1V7,Établissement d'enseignement privé,Privé,https://www.collegegarnier.qc.ca,-71.245563,46.795244,418 681-0107
,149500,Collège Saint-Hilaire,Collège Saint-Hilaire,"800, rue Rouillard",,57035,Mont-Saint-Hilaire,V,J3H0K4,Établissement d'enseignement privé,Privé,https://csh.qc.ca,-73.157676,45.568601,450 467-7001
,157500,Collège St-Jean-Vianney,Collège St-Jean-Vianney,"12630, boulevard Gouin Est",,66023,Montréal,V,H1C1B9,Établissement d'enseignement privé,Privé,https://www.csjv.ca,-73.51985,45.691773,514 648-3821
,158500,Coll. Saint-Maurice,Collège Saint-Maurice,"630, rue Girouard Ouest",,54048,Saint-Hyacinthe,V,J2S2Y3,Établissement d'enseignement privé,Privé,https://www.csm.qc.ca,-72.945441,45.63141,450 773-7478
,159500,Coll. Saint-Paul,Collège Saint-Paul,"235, rue Sainte-Anne ",,59020,Varennes,V,J3X1P9,Établissement d'enseignement privé,Privé,https://www.college-st-paul.qc.ca,-73.442096,45.684844,450 652-2941
,164500,Collège Sainte-Marcelline,Collège Sainte-Marcelline,"9155, boulevard Gouin Ouest",,66023,Montréal,V,H4K1C3,Établissement d'enseignement privé,Privé,https://college.marcelline.qc.ca,-73.746823,45.516635,514 334-9651
,165500,Coll. Stanislas,Collège Stanislas,"780, boul. Dollard ",,66023,Montréal,V,H2V3G5,Établissement d'enseignement privé,Privé,https://www.stanislas.qc.ca,-73.614857,45.518005,418 527-9998
,166500,Coll. Ville-Marie,Collège Ville-Marie,"2850, rue Sherbrooke Est ",,66023,Montréal,V,H2K1H3,Établissement d'enseignement privé,Privé,https://www.cvmarie.qc.ca,-73.558806,45.539631,514 525-2516
,167500,Succès Scolaire,Succès Scolaire,"6750, rue Hutchison, bureau 201",,66023,Montréal,V,H3N1Y4,Établissement d'enseignement privé,Privé,https://ecole.successcolaire.ca,-73.617457,45.527984,514 504-6441
,168500,École Akiva,École Akiva,"450, avenue Kensington",,66032,Westmount,V,H3Y3A2,Établissement d'enseignement privé,Privé,https://www.akivaschool.com,-73.598071,45.485155,514 939-2430
,169500,Alexander von Humb Éc. int. all.,Alexander von Humboldt École internationale allemande inc.,"216, place Victoria ",,66112,Baie-D'Urfé,V,H9X2H9,Établissement d'enseignement privé,Privé,https://www.avhmontreal.ca,-73.908621,45.41654,514 457-2886
,179500,École Anglissimo,École Anglissimo,"2796, rue Prospect",,43027,Sherbrooke,V,J1L3A9,Établissement d'enseignement privé,Privé,https://www.ecoleanglissimo.com,-71.942719,45.410457,819 562-2323
,184500,ÉcolACTion,ÉcolACTion,"681, rue Chabanel",,94068,Saguenay,V,G7H1Z7,Établissement d'enseignement privé,Privé,https://www.ecolaction.com,-71.052074,48.417649,418 549-3302
,185500,École Alex Manoogian,École Alex Manoogian,"755, rue Manoogian",,66023,Montréal,V,H4N1Z5,Établissement d'enseignement privé,Privé,https://www.alexmanoogian.qc.ca,-73.667482,45.517839,514 744-5636
,186500,École au Jardin Bleu,École au Jardin Bleu,"1690, rue Sauvé Est ",,66023,Montréal,V,H2C2A8,Établissement d'enseignement privé,Privé,https://www.ecoleaujardinbleu.com,-73.648653,45.563148,514 388-4949
,187500,École Augustin Roscelli,École Augustin Roscelli,"11960, boulevard de l'Acadie",,66023,Montréal,V,H3M2T7,Établissement d'enseignement privé,Privé,https://www.ecoleaugustinroscelli.com,-73.695283,45.540266,514 334-0057
,188500,École Bais Yaakov D'Rav Hirschprung,École Bais Yaakov D'Rav Hirschprung,"1750, avenue Glendale",,66023,Montréal,V,H2V1B3,Établissement d'enseignement privé,Privé,,-73.623648,45.517322,514 739-3614
,189500,École bilingue Notre-Dame de Sion,École bilingue Notre-Dame de Sion,"1775, rue Décarie",,66023,Montréal,V,H4L3N5,Établissement d'enseignement privé,Privé,https://ebnds.com,-73.692637,45.521041,514 747-3895
,196500,École Charles-Perrault (Pierrefonds),École Charles-Perrault (Pierrefonds),"106, rue Cartier",,66023,Montréal,V,H8Y1G8,Établissement d'enseignement privé,Privé,https://www.ecolecharles-perrault.ca,-73.814567,45.503384,514 684-5043
,197500,École Charles Perrault (Laval),École Charles Perrault (Laval),"1750, boulevard de la Concorde Est",,65005,Laval,V,H7G2E7,Établissement d'enseignement privé,Privé,https://ecolecharlesperrault.com/,-73.678766,45.579683,450 975-2233
,198500,École chrétienne Emmanuel,École chrétienne Emmanuel,"4698, boulevard Saint-Jean",,66142,Dollard-des-Ormeaux,V,H9H4S5,Établissement d'enseignement privé,Privé,https://www.emmanuelcs.ca,-73.849777,45.486833,514 696-6430
,204500,École communautaire Belz,École communautaire Belz,"1495, avenue Ducharme",,66023,Montréal,V,H2V1E8,Établissement d'enseignement privé,Privé,,-73.618011,45.520377,514 271-0611
,205500,"Cestar Collège, Campus Longueuil","Cestar Collège, Campus Longueuil","910, boulevard Curé-Poirier Ouest",,58227,Longueuil,V,J4K2C7,Établissement d'enseignement privé,Privé,,-73.488441,45.518413,514 400-2140
,206500,École Félix-Antoine,École Félix-Antoine,"10320, rue Garnier",,66023,Montréal,V,H2C3C2,Établissement d'enseignement privé,Privé,https://www.ecolefelixantoine.qc.ca,-73.654729,45.566061,514 385-1219
,208500,Académie internationale Zig Zag,Académie internationale Zig Zag,"27, rue Laurier Ouest",,39062,Victoriaville,V,G6P6P4,Établissement d'enseignement privé,Privé,https://www.zigetzag.com,-71.915982,46.037487,819 357-8112
,209500,École de Formation Hébraïque,École de Formation Hébraïque,"2, rue Hope",,66142,Dollard-des-Ormeaux,V,H9A2V5,Établissement d'enseignement privé,Privé,https://hfs.qc.ca,-73.820671,45.491926,514 684-6270
,215500,Collège Supérieur de Sherbrooke,Collège Supérieur de Sherbrooke,"108-110, rue Wellington Nord",,43027,Sherbrooke,V,J1H5B8,Établissement d'enseignement privé,Privé,https://www.collegecss.ca,-71.891086,45.403234,819 481-8888
,216500,École de technologie gazière,École de technologie gazière,"1350, rue Nobel, bureau 200",,58033,Boucherville,V,J4B5H3,Établissement d'enseignement privé,Privé,https://etg.energir.com/fr/,-73.426887,45.567135,450 449-6960
,218500,L'Éc. routier prof. du Québec,L'École du Routier Professionnel du Québec (1996) Inc.,"12305, boulevard Métropolitain Est",,66023,Montréal,V,H1B5R3,Établissement d'enseignement privé,Privé,https://www.techni-data.com,-73.526983,45.652486,514 640-1666
,219500,École Miss Edgar et Miss Cramp,École Miss Edgar et Miss Cramp,"525, avenue Mount Pleasant",,66032,Westmount,V,H3Y3H6,Établissement d'enseignement privé,Privé,https://www.ecs.qc.ca,-73.59676,45.491216,514 935-6357
,226500,Éc. Jésus-Marie Beauceville,École Jésus-Marie de Beauceville,"670, 9e avenue ",,27028,Beauceville,V,G5X3P6,Établissement d'enseignement privé,Privé,https://www.ejm.qc.ca,-70.764944,46.203528,418 774-3709
,227500,École Le Sommet,École Le Sommet,"1750, rue Deguire ",,66023,Montréal,V,H4L1M7,Établissement d'enseignement privé,Privé,https://www.summit-school.com,-73.693336,45.515974,514 937-4661
,228500,École Les Mélèzes,École Les Mélèzes,"393, rue De Lanaudière",,61025,Joliette,V,J6E3L9,Établissement d'enseignement privé,Privé,https://www.ecolelesmelezes.ca/,-73.436092,46.022626,450 752-4433
,229500,École Maïmonide,École Maïmonide,"1900, rue Bourdon",,66023,Montréal,V,H4M2X7,Établissement d'enseignement privé,Privé,https://www.ecolemaimonide.org,-73.673654,45.500483,514 744-5300
,237500,Éc. Marcelle-Mallet,École Marcelle-Mallet,"51, rue Déziel",,25213,Lévis,V,G6V3T7,Établissement d'enseignement privé,Privé,https://www.emm.qc.ca,-71.185257,46.810132,418 833-7691
,238500,École Marie Gibeau,École Marie Gibeau,"1331, rue Sainte-Hélène",,58227,Longueuil,V,J4K3S4,Établissement d'enseignement privé,Privé,https://www.ecolemariegibeau.com,-73.497933,45.517821,450 651-1131
,239500,École Marie-Anne,École Marie-Anne,"4567, rue du Mont-Pontbriand ",,62037,Rawdon,M,J0K1S0,Établissement d'enseignement privé,Privé,https://www.ecolemarieanne.org,-73.739535,46.059171,450 834-4668
,244500,École Marie-Clarac,École Marie-Clarac,"11273, avenue de Mère-Anselme",,66023,Montréal,V,H1H4Z2,Établissement d'enseignement privé,Privé,https://www.ecolemarie-clarac.qc.ca,-73.648541,45.589962,514 322-1161
,249500,École Montessori de l'Outaouais,École Montessori de l'Outaouais,"161, rue Principale",,81017,Gatineau,V,J9H7H4,Établissement d'enseignement privé,Privé,https://www.montessori-outaouais.qc.ca,-75.839754,45.396268,819 682-3299
,253500,École Montessori de la Mauricie,École Montessori de la Mauricie,"6400, rue Marion",,37067,Trois-Rivières,V,G9A6H3,Établissement d'enseignement privé,Privé,,-72.578978,46.320023,819 376-5509
,254500,École Montessori de Québec,École Montessori de Québec,"1265, avenue du Buisson",,23027,Québec,V,G1T2C4,Établissement d'enseignement privé,Privé,https://montessori-qc.com,-71.257487,46.779638,418 688-7646
,259500,École Montessori Ville-Marie,École Montessori Ville-Marie,"760, rue Saint-Germain",,66023,Montréal,V,H4L3R5,Établissement d'enseignement privé,Privé,https://www.ecolemontessorivillemarie.com,-73.676618,45.511912,514 335-6688
,266500,École Notre Dame de Nareg,École Notre Dame de Nareg,"500, 67e Avenue",,65005,Laval,V,H7V2N2,Établissement d'enseignement privé,Privé,,-73.732803,45.542211,450 680-1168
,268500,"Résonance Montréal, inc.","Résonance Montréal, inc.","4670, rue Sainte-Catherine Ouest",,66032,Westmount,V,H3Z1S5,Établissement d'enseignement privé,Privé,https://resonancemontreal.ca/,-73.595805,45.478601,514 488-4946
,269500,Collège Pasteur,Collège Pasteur,"12345, avenue de la Miséricorde",,66023,Montréal,V,H4J2E8,Établissement d'enseignement privé,Privé,https://www.collegepasteur.ca,-73.718425,45.53433,514 331-0850
,278500,Éc. Peter Hall,École Peter Hall inc.,"840, boulevard de la Côte-Vertu",,66023,Montréal,V,H4L1Y4,Établissement d'enseignement privé,Privé,https://www.peterhall.qc.ca,-73.673889,45.518624,514 747-4075
,279500,"École Plein Soleil, Coop. de solidarité","École Plein Soleil, Coopérative de solidarité","355, rue du Chardonnay",,43027,Sherbrooke,V,J1L0J3,Établissement d'enseignement privé,Privé,https://www.pleinsoleil.qc.ca,-71.94861,45.420034,819 569-8359
,288500,École première Mesifta du Canada,École première Mesifta du Canada,"2355, avenue Ekers",,66072,Mont-Royal,V,H3S1C6,Établissement d'enseignement privé,Privé,,-73.628991,45.514823,514 738-1738
,304500,École Les Trois Saisons,École Les Trois Saisons,"570, boulevard de Mortagne",,58033,Boucherville,V,J4B5E4,Établissement d'enseignement privé,Privé,https://www.ecoletroissaisons.com,-73.432659,45.593692,450 641-2000
,305500,École Socrates-Démosthène,École Socrates-Démosthène,"5757, avenue Wilderton",,66023,Montréal,V,H3S2K8,Établissement d'enseignement privé,Privé,https://www.socdem.org,-73.61977,45.509047,514 738-2421
,306500,École Rudolf Steiner de Montréal,École Rudolf Steiner de Montréal,"4855, avenue de Kensington",,66023,Montréal,V,H3X3S6,Établissement d'enseignement privé,Privé,https://www.ersm.org,-73.635613,45.471632,514 481-5686
,308500,École St-Georges de Montréal,L'École St-Georges de Montréal inc.,"3100, Le Boulevard",,66023,Montréal,V,H3Y1R9,Établissement d'enseignement privé,Privé,https://www.stgeorges.qc.ca,-73.596726,45.493735,514 937-9289
,311500,École Saint-Joseph (1985),École Saint-Joseph (1985),"4080, avenue De Lorimier",,66023,Montréal,V,H2K3X7,Établissement d'enseignement privé,Privé,https://www.stjoseph.qc.ca,-73.566583,45.531947,514 526-8288
,312500,École Sainte-Anne,École Sainte-Anne,"6855, 13e Avenue",,66023,Montréal,V,H1X2Z3,Établissement d'enseignement privé,Privé,https://primaire.rosemont.sainteanne.ca/,-73.591516,45.558645,514 725-4179
,313500,École Sainte-Famille,École Sainte-Famille,"10425, boulevard Guillaume-Couture",,25213,Lévis,V,G6V9R6,Établissement d'enseignement privé,Privé,,-71.089286,46.826617,418 837-3028
,314500,Éc. sec. de Bromptonville,École secondaire de Bromptonville,"125, rue du Frère-Théode",,43027,Sherbrooke,V,J1C0S3,Établissement d'enseignement privé,Privé,https://ecolesecondairebromptonville.com/,-71.953104,45.47155,819 846-2738
,315500,École secondaire du Verbe Divin,École secondaire du Verbe Divin,"1021, rue Cowie C.P. 786",,47017,Granby,V,J2G8W8,Établissement d'enseignement privé,Privé,https://verbedivin.com,-72.773203,45.396514,450 378-1074
,316500,École secondaire Duval,École secondaire Duval inc.,"260, boulevard Henri-Bourassa Est",,66023,Montréal,V,H3L1B8,Établissement d'enseignement privé,Privé,https://www.ecoleduval.com,-73.669292,45.552632,514 382-6070
,317500,École secondaire privée François-Bourrin,École secondaire privée François-Bourrin,"50, avenue des Cascades",,23027,Québec,V,G1E2J7,Établissement d'enseignement privé,Privé,https://ecolefrancoisbourrin.ca,-71.196091,46.861634,418 661-6978
,321500,Collège Boisbriand 2016,Collège Boisbriand 2016,"4747, rue Ambroise-Lafortune",,73005,Boisbriand,V,J7H0A4,Établissement d'enseignement privé,Privé,https://www.collegeboisbriand.qc.ca,-73.868006,45.64072,450 437-0009
,322500,Collège Letendre,Collège Letendre,"1000, boulevard de l'Avenir",,65005,Laval,V,H7N6J6,Établissement d'enseignement privé,Privé,https://www.collegeletendre.qc.ca,-73.72202,45.560215,450 688-9933
,323500,Éc. sec. Marcellin-Champagnat,École secondaire Marcellin-Champagnat,"14, chemin des Patriotes Est",,56083,Saint-Jean-sur-Richelieu,V,J2X5P9,Établissement d'enseignement privé,Privé,https://www.esmc.qc.ca,-73.247404,45.317844,450 347-5343
,324500,Collège d'Anjou,Collège d'Anjou,"11000, rue Renaude-Lapointe",,66023,Montréal,V,H1J2V7,Établissement d'enseignement privé,Privé,https://www.collegedanjou.qc.ca,-73.592351,45.611626,514 322-8111
,326500,École secondaire Mont-Saint-Sacrement,École secondaire Mont-Saint-Sacrement,"200, boulevard Saint-Sacrement",,22025,Saint-Gabriel-de-Valcartier,M,G0A4S0,Établissement d'enseignement privé,Privé,https://www.mss.qc.ca,-71.507465,46.978589,418 844-3771
,327500,Collège Notre-Dame de Rivière-du-Loup,Collège Notre-Dame de Rivière-du-Loup,"56, rue Saint-Henri",,12072,Rivière-du-Loup,V,G5R2A1,Établissement d'enseignement privé,Privé,https://www.collegenotredame.ca,-69.536041,47.822242,418 862-8257
,335500,Coll. St-Joseph de Hull,Collège Saint-Joseph de Hull,"174, rue Notre-Dame-de-l'ÎIe",,81017,Gatineau,V,J8X3T4,Établissement d'enseignement privé,Privé,https://www.collegestjoseph.ca,-75.710378,45.431405,819 776-3123
,336500,Éc. sec. St-Joseph St-Hyac.,École secondaire Saint-Joseph de Saint-Hyacinthe,"2875, ave Bourdages Nord",,54048,Saint-Hyacinthe,V,J2S5S3,Établissement d'enseignement privé,Privé,https://www.essj.qc.ca,-72.964217,45.632777,450 774-3775
,337500,Collège Saint-Sacrement,Collège Saint-Sacrement,"901, rue Saint-Louis",,64008,Terrebonne,V,J6W1K1,Établissement d'enseignement privé,Privé,https://www.collegesaintsacrement.qc.ca,-73.637612,45.696245,450 471-6615
,338500,École Selwyn House,École Selwyn House,"95, chemin de la Côte-Saint-Antoine",,66032,Westmount,V,H3Y2H8,Établissement d'enseignement privé,Privé,https://www.selwyn.ca,-73.59748,45.486131,514 931-9481
,345500,École Vanguard,École Vanguard,"5935, chemin de la Côte-de-Liesse",,66023,Montréal,V,H4T1C3,Établissement d'enseignement privé,Privé,https://www.vanguardquebec.qc.ca,-73.683734,45.49155,514 747-5500
,347500,École de la Synergie,École de la Synergie,"7445, avenue de Chester",,66023,Montréal,V,H4V1M4,Établissement d'enseignement privé,Privé,https://www.esynergie.ca,-73.654803,45.459612,514 484-5084
,348500,Éducation Plus,Éducation Plus,"1275, rue Hodge",,66023,Montréal,V,H4N2B1,Établissement d'enseignement privé,Privé,https://edplus.ca,-73.667284,45.509941,514 733-9600
,349500,Externat Mont-Jésus-Marie,Externat Mont-Jésus-Marie,"2755, chemin de la Côte-Sainte-Catherine",,66023,Montréal,V,H3T1B5,Établissement d'enseignement privé,Privé,https://www.montjesusmarie.com,-73.62201,45.506759,514 272-1035
,350500,Externat Sacré-Coeur,Externat Sacré-Coeur,"535, rue Lefrançois ",,73020,Rosemère,V,J7A4R5,Établissement d'enseignement privé,Privé,https://externat.qc.ca,-73.790121,45.654469,450 621-6720
,351500,Externat St-Jean-Berchmans,Externat St-Jean-Berchmans,"2303, chemin Saint-Louis",,23027,Québec,V,G1T1R5,Établissement d'enseignement privé,Privé,https://www.externatsjb.com,-71.259299,46.770638,418 687-5871
,352500,Saint-Jean-Eudes,Saint-Jean-Eudes,"650, avenue du Bourg-Royal",,23027,Québec,V,G2L1M8,Établissement d'enseignement privé,Privé,https://www.saint-jean-eudes.com,-71.24345,46.876965,418 627-1550
,364500,Académie adventiste Greaves,Académie adventiste Greaves,"2330, avenue West Hill",,66023,Montréal,V,H4B2S4,Établissement d'enseignement privé,Privé,https://www.greavesadventistacademy.com,-73.623178,45.463916,514 486-5092
,365500,Institut d'enseignement de Sept-Îles,Institut d'enseignement de Sept-Îles,"737, avenue Gamache",,97007,Sept-Îles,V,G4R2J8,Établissement d'enseignement privé,Privé,https://www.iesi.in,-66.390348,50.217539,418 968-9104
,367500,Collège Reine-Marie,Collège Reine-Marie,"9300, boulevard Saint-Michel",,66023,Montréal,V,H1Z3H1,Établissement d'enseignement privé,Privé,https://www.reine-marie.qc.ca,-73.632718,45.572669,514 382-0484
,368500,Institut Saint-Joseph,Institut Saint-Joseph,"900, avenue Joffre",,23027,Québec,V,G1S4Z3,Établissement d'enseignement privé,Privé,https://www.st-joseph.qc.ca,-71.245111,46.795778,418 688-0736
,374500,Institut secondaire Keranna,Institut secondaire Keranna,"6205, boulevard des Chenaux",,37067,Trois-Rivières,V,G8Y6Z1,Établissement d'enseignement privé,Privé,https://www.keranna.qc.ca,-72.604841,46.357709,819 378-4833
,375500,Institut technique Aviron de Montréal,Institut technique Aviron de Montréal,"5460, avenue Royalmount",,66072,Mont-Royal,V,H4P1H7,Établissement d'enseignement privé,Privé,https://www.avirontech.com,-73.662835,45.496054,514 739-3010
,377500,Juvénat Notre-Dame du Saint-Laurent,Juvénat Notre-Dame du Saint-Laurent,"30, rue du Juvénat",,25213,Lévis,V,G6W7X2,Établissement d'enseignement privé,Privé,https://www.jnd.qc.ca,-71.235499,46.761893,418 839-9592
,380500,L'Académie Centennial,L'Académie Centennial,"2065, rue Sherbrooke Ouest",,66023,Montréal,V,H3H1G6,Établissement d'enseignement privé,Privé,https://www.centennial.qc.ca,-73.586766,45.493525,514 486-5533
,382500,Académie hébraïque inc.,Académie hébraïque inc.,"5700, avenue Kellert",,66058,Côte-Saint-Luc,V,H4W1T4,Établissement d'enseignement privé,Privé,https://www.ha-mtl.org,-73.661623,45.472588,514 489-5321
,384500,L'École Ali Ibn Abi Talib,L'École Ali Ibn Abi Talib,"1610, rue De Beauharnois Ouest",,66023,Montréal,V,H4N1J5,Établissement d'enseignement privé,Privé,https://www.ecoleali.com,-73.652381,45.528778,514 744-0801
,385500,L'École arménienne Sourp Hagop,L'École arménienne Sourp Hagop,"3400, rue Nadon ",,66023,Montréal,V,H4J1P5,Établissement d'enseignement privé,Privé,https://www.ecolesourphagop.com,-73.695949,45.531365,514 332-1373
,386500,L'École des Ursulines de Québec,L'École des Ursulines de Québec,"4, rue du Parloir",,23027,Québec,V,G1R4M5,Établissement d'enseignement privé,Privé,https://www.euq.ca,-71.208191,46.811724,418 692-2612
,388500,L'École Sacré-Coeur de Montréal,L'École Sacré-Coeur de Montréal,"3635, avenue Atwater",,66023,Montréal,V,H3H1Y4,Établissement d'enseignement privé,Privé,https://www.sacredheart.qc.ca,-73.587554,45.495201,514 937-2845
,394500,École à pas de géant,École à pas de géant,"4400, rue Molson",,66023,Montréal,V,H1Y0A3,Établissement d'enseignement privé,Privé,https://www.giantstepsmontreal.com,-73.567084,45.541478,514 935-1911
,395500,École Lucien-Guilbault,École Lucien-Guilbault,"3165, rue de Louvain Est",,66023,Montréal,V,H1Z1J7,Établissement d'enseignement privé,Privé,https://www.lucien-guilbault.ca,-73.631335,45.572592,514 334-2189
,396500,La Réussite inc.,La Réussite inc.,"280, boulevard du Fort-Saint-Louis",Bureau 105,58033,Boucherville,V,J4B1S1,Établissement d'enseignement privé,Privé,https://www.lareussite.qc.ca,-73.454728,45.595314,450 655-4275
,397500,La maternelle de Marie-Claire,La maternelle de Marie-Claire inc.,"18190, boulevard Elkas",,66102,Kirkland,V,H9J3Y4,Établissement d'enseignement privé,Privé,https://maternellemarie-claire.ca/,-73.883374,45.443047,514 697-9995
,398500,La Petite Académie,La Petite Académie,"1090, avenue Pratte",,54048,Saint-Hyacinthe,V,J2S4B6,Établissement d'enseignement privé,Privé,https://www.lapetiteacademie.qc.ca,-72.943017,45.632967,450 771-0644
,401500,Collège François-de-Laval,Collège François-de-Laval,"6, rue de la Vieille-Université",,23027,Québec,V,G1R5X8,Établissement d'enseignement privé,Privé,https://www.collegefdl.ca,-71.206338,46.815291,418 694-1020
,403500,Les écoles communautaires Skver,Les écoles communautaires Skver,"940, avenue Outremont",,66023,Montréal,V,H2V4P8,Établissement d'enseignement privé,Privé,,-73.616903,45.52229,514 274-6252
,404500,Les Éc. juives pop. et les Éc. Peretz,Les Écoles juives populaires et les Écoles Peretz inc.,"6502, chemin Kildare",,66058,Côte-Saint-Luc,V,H4W3B8,Établissement d'enseignement privé,Privé,https://jppsbialik.ca,-73.657625,45.479072,514 731-3841
,405500,Les Filles de Sainte-Marie de Leuca,Les Filles de Sainte-Marie de Leuca,"125, rue Coulonge ",,58227,Longueuil,V,J4G1H7,Établissement d'enseignement privé,Privé,,-73.483332,45.569407,450 674-9805
,407500,Séminaire Marie-Reine-du-Clergé,Séminaire Marie-Reine-du-Clergé,"1569, route 169",,93012,Métabetchouan–Lac-à-la-Croix,V,G8G1A8,Établissement d'enseignement privé,Privé,https://www.autentis.ca,-71.84267,48.438927,418 349-2816
,408500,Le Collège Lower Canada,Le Collège Lower Canada,"4090, avenue Royal",,66023,Montréal,V,H4A2M5,Établissement d'enseignement privé,Privé,https://www.lcc.ca,-73.624113,45.470475,514 482-9797
,410500,École secondaire Loyola,École secondaire Loyola,"7272, rue Sherbrooke Ouest ",,66023,Montréal,V,H4B1R2,Établissement d'enseignement privé,Privé,https://www.loyola.ca,-73.63894,45.456681,514 486-1101
,426500,Académie des Sacrés-Coeurs,Académie des Sacrés-Coeurs,"1575, rang des Vingt",,58037,Saint-Bruno-de-Montarville,V,J3V4P6,Établissement d'enseignement privé,Privé,https://www.academiedessacrescoeurs.ca,-73.294795,45.541463,450 653-3681
,434500,Pens. du St-Nom de Marie,Pensionnat du Saint-Nom-de-Marie,"628, chemin de la Côte-Sainte-Catherine",,66023,Montréal,V,H2V2C5,Établissement d'enseignement privé,Privé,https://www.psnm.qc.ca,-73.613168,45.512113,514 735-5261
,435500,Pensionnat Notre-Dame-des-Anges,Pensionnat Notre-Dame-des-Anges,"5680, boulevard Rosemont",,66023,Montréal,V,H1T2H2,Établissement d'enseignement privé,Privé,https://www.pnda.qc.ca,-73.560568,45.576014,514 254-6447
,436500,Externat Saint-Coeur de Marie,Externat Saint-Coeur de Marie,"28, avenue des Cascades",,23027,Québec,V,G1E2J8,Établissement d'enseignement privé,Privé,https://www.externat-scm.ca,-71.200223,46.862688,418 663-0605
,444500,Séminaire de Chicoutimi,Séminaire de Chicoutimi - services éducatifs,"679, rue Chabanel ",,94068,Saguenay,V,G7H1Z7,Établissement d'enseignement privé,Privé,https://www.seminairedechicoutimi.ca,-71.03712,48.41814,418 549-0190
,445500,Collège Trinité,Collège Trinité,"1475, chemin des Vingt",,58037,Saint-Bruno-de-Montarville,V,J3V4P6,Établissement d'enseignement privé,Privé,https://www.collegetrinite.ca,-73.30232,45.535601,450 653-2409
,446500,Sém. de Sherbrooke,Séminaire de Sherbrooke,"195, rue Marquette ",,43027,Sherbrooke,V,J1H1L6,Établissement d'enseignement privé,Privé,https://www.seminaire-sherbrooke.qc.ca,-71.894517,45.403012,819 563-2050
,447500,Collège mariste de Québec,Collège mariste de Québec,"2315, chemin Saint-Louis ",,23027,Québec,V,G1T1R5,Établissement d'enseignement privé,Privé,https://www.collegemariste.ca,-71.26022,46.770003,418 651-4944
,448500,Séminaire du Sacré Coeur,Séminaire du Sacré Coeur,"2738, route 148",,76052,Grenville-sur-la-Rouge,M,J0V1B0,Établissement d'enseignement privé,Privé,https://www.ssc.quebec,-74.749935,45.646397,819 242-0957
,449500,Collège des Hauts Sommets,Collège des Hauts Sommets,"97, avenue de la Montagne",,21005,Saint-Tite-des-Caps,M,G0A4J0,Établissement d'enseignement privé,Privé,https://www.deshautssommets.com,-70.795668,47.109986,418 823-2759
,454500,Séminaire Saint-François,Séminaire Saint-François,"4900, rue Saint-Félix",,23072,Saint-Augustin-de-Desmaures,V,G3A0L4,Établissement d'enseignement privé,Privé,https://www.ss-f.com,-71.391594,46.736352,418 872-0611
,455500,Sém. St-Joseph Trois-Rivières,Séminaire Saint-Joseph de Trois-Rivières,"858, rue Laviolette",,37067,Trois-Rivières,V,G9A5S3,Établissement d'enseignement privé,Privé,https://www.ssj.qc.ca,-72.544762,46.349071,819 376-4459
,456500,Le Séminaire Sainte-Marie,Le Séminaire Sainte-Marie,"5655, boulevard des Hêtres",,36033,Shawinigan,V,G9N4V9,Établissement d'enseignement privé,Privé,https://www.seminairestemarie.com,-72.728811,46.575017,819 539-5493
,457500,Le Salésien,Le Salésien,"135, rue Don Bosco Nord ",,43027,Sherbrooke,V,J1L1E5,Établissement d'enseignement privé,Privé,https://www.lesalesien.com,-71.951989,45.397899,819 566-2222
,463500,Collège Stanstead,Collège Stanstead,"450, rue Dufferin ",,45008,Stanstead,V,J0B3E0,Établissement d'enseignement privé,Privé,https://www.stansteadcollege.com,-72.092061,45.011766,819 876-2223
,464500,Les écoles Azrieli Talmud Torah-Herzliah,Les écoles Azrieli Talmud Torah - Herzliah,"5475, avenue Mountain Sights",,66023,Montréal,V,H3W2Y8,Établissement d'enseignement privé,Privé,https://www.azrieli-tth.ca,-73.634089,45.487752,514 739-2291
,465500,École Priory inc.,École Priory inc.,"3120, Le Boulevard",,66023,Montréal,V,H3Y1R9,Établissement d'enseignement privé,Privé,https://www.priory.qc.ca,-73.597058,45.493321,514 935-5966
,466500,The Study,The Study,"3233, The Boulevard",,66032,Westmount,V,H3Y1S4,Établissement d'enseignement privé,Privé,https://www.thestudy.qc.ca,-73.600725,45.490852,514 935-9352
,467500,Collège Trafalgar pour filles,Collège Trafalgar pour filles,"3495, rue Simpson ",,66023,Montréal,V,H3G2J7,Établissement d'enseignement privé,Privé,,-73.583696,45.498713,514 935-2644
,468500,École Val Marie,École Val Marie inc.,"88, chemin du Passage ",,37067,Trois-Rivières,V,G8T2M3,Établissement d'enseignement privé,Privé,https://www.valmarie.net,-72.54064,46.370872,819 379-8040
,469500,Villa Maria,Villa Maria,"4245, boulevard Décarie",,66023,Montréal,V,H4A3K4,Établissement d'enseignement privé,Privé,,-73.616711,45.481876,514 484-4950
,477500,Villa Sainte-Marcelline,Villa Sainte-Marcelline,"815, avenue Upper Belmont",,66032,Westmount,V,H3Y1K5,Établissement d'enseignement privé,Privé,https://villa.marcelline.qc.ca,-73.617444,45.489622,514 488-2528
,478500,Académie Yéshiva Yavné,Académie Yéshiva Yavné,"7946, chemin Wavell",,66058,Côte-Saint-Luc,V,H4W1L7,Établissement d'enseignement privé,Privé,https://yavne.ca/,-73.664451,45.46113,514 481-8563
,479500,Yeshiva Gedola-Merkaz Hatorah,Yeshiva Gedola-Merkaz Hatorah de Montréal,"6155, chemin Deacon ",,66023,Montréal,V,H3S2P4,Établissement d'enseignement privé,Privé,https://www.yeshivagedola.com,-73.620252,45.512772,514 735-6611
,485500,Campus Notre-Dame-de-Foy,Campus Notre-Dame-de-Foy,"5000, rue Clément-Lockquell ",,23072,Saint-Augustin-de-Desmaures,V,G3A1B3,Établissement d'enseignement privé,Privé,https://www.cndf.qc.ca,-71.399553,46.736869,418 872-8041
,493500,Éc. Montessori International Blainville,École Montessori International Blainville inc.,"325, chemin du Bas-de-Sainte-Thérèse",,73015,Blainville,V,J7A0A3,Établissement d'enseignement privé,Privé,https://www.montessoriinternationalblainville.com,-73.798388,45.651242,450 965-7878
,497500,École du Routier G.C.,École du Routier G.C.,"2357, rue Jules-Vachon",,37067,Trois-Rivières,V,G9A5E1,Établissement d'enseignement privé,Privé,https://www.ergc.ca,-72.665648,46.377337,819 379-9209
,507500,École nationale de cirque,École nationale de cirque,"8181, avenue du Cirque",,66023,Montréal,V,H1Z4N9,Établissement d'enseignement privé,Privé,https://ecolenationaledecirque.ca/,-73.613646,45.561794,514 982-0859
,508500,L'École des Premières Lettres,L'École des Premières Lettres,"5210, rue Waverly",,66023,Montréal,V,H2T2X7,Établissement d'enseignement privé,Privé,https://www.premiereslettres.com,-73.596437,45.522036,514 272-2229
,509500,Collège Jacques-Prévert,Collège Jacques-Prévert,"12349, rue De Serres",,66023,Montréal,V,H4J2H1,Établissement d'enseignement privé,Privé,https://www.collegejacquesprevert.ca,-73.719485,45.533779,514 336-2330
,511500,École JMC,École JMC,"2205, rue de l'Église",,66023,Montréal,V,H4M1G5,Établissement d'enseignement privé,Privé,https://www.ecolejmc.ca,-73.689494,45.503697,514 956-9559
,512500,École internationale des Apprenants,École internationale des Apprenants,"4505, boulevard Henri-Bourassa Ouest",,66023,Montréal,V,H4L1A5,Établissement d'enseignement privé,Privé,https://www.ecoleia.ca,-73.703811,45.524504,514 334-4153
,513500,Académie des pompiers,Académie des pompiers,"9401, côte des Saints",,74005,Mirabel,V,J7N2X4,Établissement d'enseignement privé,Privé,https://www.academiedespompiers.ca,-74.092194,45.652927,450 258-4460
,515500,L'École l'Eau-Vive,L'École l'Eau-Vive,"4690, avenue Chauveau",,23027,Québec,V,G2C1A7,Établissement d'enseignement privé,Privé,https://www.ecoleleauvive.com,-71.359581,46.826126,418 843-5345
,523500,École oraliste de Québec,École oraliste de Québec,"1090, boulevard René-Lévesque Ouest",,23027,Québec,V,G1S1V5,Établissement d'enseignement privé,Privé,https://www.ecoleoraliste.qc.ca,-71.243077,46.79544,418 263-5189
,524500,Collège Nouvelles Frontières,Collège Nouvelles Frontières,"250, rue Gamelin",,81017,Gatineau,V,J8Y1W9,Établissement d'enseignement privé,Privé,https://www.collegenf.ca,-75.749,45.443957,819 561-8922
,526500,École Al-Houda,École Al-Houda,"7085, chemin de la Côte-Des-Neiges",,66023,Montréal,V,H3R2M1,Établissement d'enseignement privé,Privé,https://www.ecolealhouda.ca,-73.640135,45.505181,514 341-2235
,528500,Collège CDI,Collège CDI Administration. Technologie. Santé,"1259, rue Berri, 3e étage",,66023,Montréal,V,H2L4C7,Établissement d'enseignement privé,Privé,https://www.collegecdi.ca,-73.558977,45.51364,514 849-1234
,534500,Collège Herzing,Collège Herzing,"1616, boulevard René-Lévesque Ouest",,66023,Montréal,V,H3H1P8,Établissement d'enseignement privé,Privé,https://www.herzing.ca,-73.575236,45.493246,514 935-7494
,547500,École Les Jeunes Explorateurs,École Les Jeunes Explorateurs,"210, rue Denison Est",,47017,Granby,V,J2H2R6,Établissement d'enseignement privé,Privé,https://www.elje.ca,-72.705486,45.390826,450 991-1817
,548500,Académie St-Margaret,Académie St-Margaret,"383, chemin des Anglais",,64015,Mascouche,V,J7L3P9,Établissement d'enseignement privé,Privé,https://www.academiesm.ca,-73.651656,45.732831,450 477-5172
,550500,École trilingue Vision Trois-Rivières,École trilingue Vision Trois-Rivières,"3550, rue Marguerite-Seigneuret",,37067,Trois-Rivières,V,G9B0M5,Établissement d'enseignement privé,Privé,https://troisrivieres.ecolevision.com,-72.625563,46.322813,819 377-3210
,552500,École trilingue Vision Rive-Sud,École trilingue Vision Rive-Sud,"1165, boulevard Guillaume-Couture",,25213,Lévis,V,G6W0S2,Établissement d'enseignement privé,Privé,https://ecolevision.com,-71.266083,46.734751,418 839-7575
,553500,École Vision Sherbrooke,École Vision Sherbrooke,"5100, rue Henri-Labonne",,43027,Sherbrooke,V,J1N1J1,Établissement d'enseignement privé,Privé,https://www.ecolevision.com,-71.993428,45.369933,819 821-1133
,554500,École trilingue Vision St-Augustin,École trilingue Vision St-Augustin,"4920, rue Pierre-Georges-Roy",,23072,Saint-Augustin-de-Desmaures,V,G3A1V7,Établissement d'enseignement privé,Privé,https://www.ecolevision.com,-71.386698,46.742553,418 877-3846
,555500,École trilingue Vision Terrebonne,École trilingue Vision Terrebonne,"2955, boulevard de la Pinière",,64008,Terrebonne,V,J6X0A3,Établissement d'enseignement privé,Privé,https://terrebonne.ecolevision.com,-73.693209,45.721485,450 471-2819
,556500,École Trilingue Vision Victoriaville,École Trilingue Vision Victoriaville,"905, boulevard des Bois-Francs Sud",,39062,Victoriaville,V,G6P5W1,Établissement d'enseignement privé,Privé,,-71.917929,46.03896,819 357-3545
,557500,Académie Trivium,Académie Trivium,"88, rue Jean-René-Monette",,81017,Gatineau,V,J8P5B7,Établissement d'enseignement privé,Privé,https://www.academie-trivium.com,-75.647169,45.479596,819 643-0828
,579500,Académie Juillet,Académie Juillet,"61, rue Radisson",,67020,Candiac,V,J5R0G1,Établissement d'enseignement privé,Privé,https://www.academiejuillet.com,-73.532929,45.377456,450 632-0080
,583500,École de l'Excellence,École de l'Excellence,"1749, chemin Gomin",,23027,Québec,V,G1S1P1,Établissement d'enseignement privé,Privé,https://www.ecoledelexcellence.ca,-71.25328,46.786917,418 682-8080
,585500,Collège LaSalle,Collège LaSalle,"2000, rue Sainte-Catherine Ouest",,66023,Montréal,V,H3H2T2,Établissement d'enseignement privé,Privé,https://www.collegelasalle.com,-73.581805,45.491442,514 939-2006
,587500,Académie culturelle de Laval,Académie culturelle de Laval,"1075, rue Saint-Louis",,65005,Laval,V,H7V2Z1,Établissement d'enseignement privé,Privé,,-73.744534,45.547334,450 681-9797
,589500,École le Savoir,École le Savoir,"11950, boulevard Gouin Ouest",,66023,Montréal,V,H8Z1V6,Établissement d'enseignement privé,Privé,https://www.lesavoir.ca,-73.825694,45.506747,514 676-0630
,594500,Église-École Alpha Oméga,Église-École Alpha Oméga,"324, rue Denison Ouest",,47017,Granby,V,J2G4E4,Établissement d'enseignement privé,Privé,,-72.733741,45.389535,450 777-3220
,596500,Église-École Ac. chrétienne de la Foi,Église-École Académie chrétienne de la Foi,"490, rue Chicoine",,71083,Vaudreuil-Dorion,V,J7V7E4,Établissement d'enseignement privé,Privé,https://www.faith-christianacademy.com/,-74.021229,45.376713,450 218-2021
,602500,Centre académique de l'Outaouais,Centre académique de l'Outaouais,"858, boulevard Maloney Est",,81017,Gatineau,V,J8P1H1,Établissement d'enseignement privé,Privé,https://www.cado.ca,-75.605946,45.48504,819 893-2236
,605500,École Montessori,École Montessori,"25, chemin Roy",,45072,Magog,V,J1X0N4,Établissement d'enseignement privé,Privé,https://www.montessorimagogorford.org,-72.180834,45.280424,819 742-0212
,608500,OneSchool Global Campus de Montréal,OneSchool Global Campus de Montréal,"679, rue Victoria",,66112,Baie-D'Urfé,V,H9X2K1,Établissement d'enseignement privé,Privé,,-73.920925,45.414777,514 968-4743
,614500,École Yaldei,École Yaldei,"5170, avenue Van Horne",,66023,Montréal,V,H3W1J6,Établissement d'enseignement privé,Privé,https://www.yaldei.org,-73.640598,45.490891,514 279-3666
,616500,École Trilingue Vision Vict. Maternelle,École Trilingue Vision Victoriaville - Maternelle,"905, boulevard des Bois-Francs Sud",,39062,Victoriaville,V,G6P5W1,Établissement d'enseignement privé,Privé,https://www.ecolevision.com,-71.917929,46.03896,819 357-3545
,617500,École trilingue Vision Beauce,École trilingue Vision Beauce,"566, boulevard Lamontagne",,26030,Sainte-Marie,V,G6E0G2,Établissement d'enseignement privé,Privé,https://beauce.ecolevision.com,-71.012845,46.443692,418 386-3612
,624500,Académie Lavalloise,Académie Lavalloise,"5290, boulevard des Laurentides",,65005,Laval,V,H7K2J8,Établissement d'enseignement privé,Privé,https://www.academielavalloise.com,-73.748175,45.622826,450 628-1430
,625500,École Trilingue Vision St-Jean,École Trilingue Vision St-Jean,"415, rue des Colibris",,56083,Saint-Jean-sur-Richelieu,V,J2W0B3,Établissement d'enseignement privé,Privé,https://stjean.ecolevision.com,-73.281847,45.359451,450 349-1718
,627500,École Montessori de Laval,École Montessori de Laval,"3327, boulevard de la Concorde Est",,65005,Laval,V,H7E2C3,Établissement d'enseignement privé,Privé,https://ecolemontessorilaval.com/,-73.664246,45.593911,450 936-8988
,629500,École trilingue Vision Québec nord,École trilingue Vision Québec nord,"650, avenue du Bourg-Royal",,23027,Québec,V,G2L1M8,Établissement d'enseignement privé,Privé,https://quebecnord.ecolevision.com,-71.24345,46.876965,418 623-2883
,634500,École Imagine,École Imagine,"2464, rue de l'Église",,78010,Val-David,VL,J0T2N0,Établissement d'enseignement privé,Privé,https://www.ecoleimagine.org,-74.2074,46.028918,819 322-7786
,635500,Académie Étoile du Nord Laval,Académie Étoile du Nord Laval,"950, rue Élodie-Boucher",,65005,Laval,V,H7W0C6,Établissement d'enseignement privé,Privé,https://www.northstaracademy.ca,-73.780679,45.530446,450 973-9797
,640500,Collège Sainte-Anne,Collège Sainte-Anne,"1250, boulevard Saint-Joseph",,66023,Montréal,V,H8S2M8,Établissement d'enseignement privé,Privé,https://www.sainteanne.ca/,-73.67581,45.432433,514 636-0900
,646500,École trilingue Vision Saguenay,École trilingue Vision Saguenay,"683, rue Chabanel",,94068,Saguenay,V,G7H1Z7,Établissement d'enseignement privé,Privé,https://saguenay.ecolevision.com/,-71.038679,48.417984,418 549-0242
,647500,École de la Relève,École de la Relève,"3730, boulevard Crémazie Est",Bureau 500,66023,Montréal,V,H2A1B4,Établissement d'enseignement privé,Privé,https://www.ecoledelareleve.ca,-73.602725,45.56614,514 581-4406
,648500,L'Académie de la Vallée du Roy,L'Académie de la Vallée du Roy,"100, rue des Trembles",,52007,Lavaltrie,V,J5T0G2,Établissement d'enseignement privé,Privé,,-73.289533,45.871337,450 586-0150
,650500,Collège Milestone,Collège Milestone,"6400, avenue Auteuil, bureau 200",,58007,Brossard,V,J4Z3P5,Établissement d'enseignement privé,Privé,https://www.collegemilestone.ca,-73.465233,45.467752,514 933-6688
,652500,Collège St-Michel,Collège St-Michel,"1995, rue Bélanger",,66023,Montréal,V,H2G1B8,Établissement d'enseignement privé,Privé,https://www.collegest-michel.ca,-73.602282,45.548009,514 374-8989
,653500,Édu2,Édu2,"5800, boulevard Saint-Laurent",,66023,Montréal,V,H2T1T3,Établissement d'enseignement privé,Privé,,-73.602526,45.527232,438 403-3698
,655500,École Primaire Let's Go,École Primaire Let's Go,"17835, 10e Avenue",,29073,Saint-Georges,V,G5Z2B6,Établissement d'enseignement privé,Privé,https://www.maisonletsgo.com/,-70.63318,46.09935,418 227-9333
,656500,ÉtudeSecours,ÉtudeSecours,"90, chemin du Passage",,37067,Trois-Rivières,V,G8T2M3,Établissement d'enseignement privé,Privé,https://etudesecours.com/,-72.54064,46.370872,418 271-7777
,657500,École Supérieure Internationale de Mtl,École Supérieure Internationale de Montréal,"6555, chemin de la Côte-des-Neiges",Bureau 390,66023,Montréal,V,H3S2A6,Établissement d'enseignement privé,Privé,,-73.635125,45.502668,514 738-3838
,658500,École trilingue Vision Rivière-du-Loup,École trilingue Vision Rivière-du-Loup,"40, rue Iberville",,12072,Rivière-du-Loup,V,G5R1G8,Établissement d'enseignement privé,Privé,https://riviereduloup.ecolevision.com/,-69.539874,47.838091,418 605-3111
,659500,Collège de technologie Veritas inc.,Collège de technologie Veritas inc.,"300-320, boulevard Crémazie Est",,66023,Montréal,V,H2P1E4,Établissement d'enseignement privé,Privé,https://www.veritascollege.ca,-73.639054,45.544254,514 910-0177
,660500,Collège Canada,Collège Canada,"1001, rue Sherbrooke Est",,66023,Montréal,V,H2L1L3,Établissement d'enseignement privé,Privé,https://www.collegecanada.com/fr/dep/,-73.566455,45.520519,514 532-1098
,663500,École La Graduation,École La Graduation,"4, rue de la Place-Du-commerce",Bureau 204,58007,Brossard,V,J4W3B3,Établissement d'enseignement privé,Privé,https://www.ecolelagraduation.ca/,-73.475596,45.474661,450 999-7270
,664500,L'École de L'Automobile,L'École de L'Automobile,"3399, boulevard Crémazie Est",,66023,Montréal,V,H1Z2J1,Établissement d'enseignement privé,Privé,,-73.605707,45.564446,514 725-6026
,665500,Académie Nour,Académie Nour,"12190, avenue Brunet",,66023,Montréal,V,H1G5H2,Établissement d'enseignement privé,Privé,https://www.academienour.org,-73.63593,45.609642,514 329-4444
,666500,Collège Greystone,Collège Greystone,"550, rue Sherbrooke Ouest","Tour Est, bureau 800",66023,Montréal,V,H3A1B9,Établissement d'enseignement privé,Privé,,-73.572534,45.505908,514 876-4572
,667500,École Le REPAIRE,École Le REPAIRE,"210, boulevard Sir-Wilfrid-Laurier",Suite 200,57040,Beloeil,V,J3G4G7,Établissement d'enseignement privé,Privé,,-73.214555,45.553239,514 432-4095
,668500,Collège April-Fortier,Collège April-Fortier,"350-1001, rue Sherbrooke Est",,66023,Montréal,V,H2L1L3,Établissement d'enseignement privé,Privé,,-73.566454,45.520515,514 878-1414
,670500,Collège Royal du Québec,Collège Royal du Québec,"400-1001, rue Sherbrooke Est",,66023,Montréal,V,H2L1L3,Établissement d'enseignement privé,Privé,,-73.566454,45.520515,514 652-5564
,671500,Collège l'Avenir de Rosemont inc.,Collège l'Avenir de Rosemont inc.,"3244, boulevard Rosemont",,66023,Montréal,V,H1Y1M7,Établissement d'enseignement privé,Privé,,-73.580256,45.552915,514 419-1115
